,0,1,2,3,4,5,6
0,LOTERIA  DO BETO, R T M  ANGRA LOTERIA LTDA,"TV MIGUEL ELIAS MIGUEL, 17 - CENTRO
                                        23900-569. ANGRA DOS REIS - RJ
                                        (24) 33671617", 05.233.941/0001-99, 887, rtmangra@gmail.com,"Atividades Exercidas- APOSTAS EM LOTERIAS FEDERAIS- BENEFICIOS SOCIAIS, PAGAMENTO DE BOLSA FAMILIA, FGTS, INSS, SEGURO DESEMPREGO E ABONO  - CARTAO DE CREDITO CAIXA - CONTA CORRENTE E POUPANCA (PF E PJ)- CONTA POUPANCA CAIXA FACIL- EMPRESTIMOS (CONSIGNADO/CDC/CHEQUE ESPECIAL/GIRO CAIXA/CREDITO REAL FACIL)- PIX SAQUE/PIX TROCO- RECARGA CELULAR - RECEBIMENTO DE BOLETOS, CONTAS (AGUA, LUZ, TELEFONE E GAS), TRIBUTOS MUNICIPAIS, ESTADUAIS E FEDERAIS- SAQUE/DEPOSITO/TRANSFERENCIAS DE CLIENTES CAIXA, SAQUE DE CONTAS BNB"
1,LOTERIA RAINHA DA SORTE, LOTERIA RAINHA DA SORTE LTDA,"AV CONDE MAURICIO DE NASSAU, 59 - JACUAGANGA
                                        23914-460. ANGRA DOS REIS - RJ
                                        (24) 981417800", 17.856.425/0001-08, 887, loteriaangradosreis1@gmail.com,"Atividades Exercidas- APOSTAS EM LOTERIAS FEDERAIS- BENEFICIOS SOCIAIS, PAGAMENTO DE BOLSA FAMILIA, FGTS, INSS, SEGURO DESEMPREGO E ABONO  - CARTAO DE CREDITO CAIXA - CONTA CORRENTE E POUPANCA (PF E PJ)- CONTA POUPANCA CAIXA FACIL- EMPRESTIMOS (CONSIGNADO/CDC/CHEQUE ESPECIAL/GIRO CAIXA/CREDITO REAL FACIL)- PIX SAQUE/PIX TROCO- RECARGA CELULAR - RECEBIMENTO DE BOLETOS, CONTAS (AGUA, LUZ, TELEFONE E GAS), TRIBUTOS MUNICIPAIS, ESTADUAIS E FEDERAIS- SAQUE/DEPOSITO/TRANSFERENCIAS DE CLIENTES CAIXA, SAQUE DE CONTAS BNB"
2,LOTERIA REI DA SORTE, LOTERIA REI DA SORTE LTDA,"R FRANCELINO ALVES DE LIMA, SN - NOVA ANGRA CUNHAMBEBE
                                        23933-005. ANGRA DOS REIS - RJ
                                        (24) 81417800", 38.337.806/0001-42, 887, LOTERIAREIDASORTE1@GMAIL.COM,"Atividades Exercidas- APOSTAS EM LOTERIAS FEDERAIS- BENEFICIOS SOCIAIS, PAGAMENTO DE BOLSA FAMILIA, FGTS, INSS, SEGURO DESEMPREGO E ABONO  - CARTAO DE CREDITO CAIXA - CONTA CORRENTE E POUPANCA (PF E PJ)- CONTA POUPANCA CAIXA FACIL- EMPRESTIMOS (CONSIGNADO/CDC/CHEQUE ESPECIAL/GIRO CAIXA/CREDITO REAL FACIL)- PIX SAQUE/PIX TROCO- RECARGA CELULAR - RECEBIMENTO DE BOLETOS, CONTAS (AGUA, LUZ, TELEFONE E GAS), TRIBUTOS MUNICIPAIS, ESTADUAIS E FEDERAIS- SAQUE/DEPOSITO/TRANSFERENCIAS DE CLIENTES CAIXA, SAQUE DE CONTAS BNB"
3,MORADA DA SORTE, ATAIDE E VIEIRA LOTERIA LTDA,"AV FRANCISCO MAGALHAES DE CASTRO, 900 - PARQUE MAMBUCABA
                                        23954-210. ANGRA DOS REIS - RJ
                                        (0) 0", 30.262.895/0001-01, 4377, moradadasorte2018@gmail.com,"Atividades Exercidas- APOSTAS EM LOTERIAS FEDERAIS- BENEFICIOS SOCIAIS, PAGAMENTO DE BOLSA FAMILIA, FGTS, INSS, SEGURO DESEMPREGO E ABONO  - CONTA POUPANCA CAIXA FACIL- PIX SAQUE/PIX TROCO- RECARGA CELULAR - RECEBIMENTO DE BOLETOS, CONTAS (AGUA, LUZ, TELEFONE E GAS), TRIBUTOS MUNICIPAIS, ESTADUAIS E FEDERAIS- SAQUE/DEPOSITO/TRANSFERENCIAS DE CLIENTES CAIXA, SAQUE DE CONTAS BNB- SEGUROS DE VIDA E RESIDENCIAL, CAPITALIZACAO E CONSORCIO (VEICULOS/IMOVEIS)"
4,PERCEGONI E SANTOS LOTERIA LTDA, PERCEGONI E SANTOS LOTERIA LTDA,"AV DR FRANCISCO M DE CASTRO, 569 - PARQUE MAMBUCABA
                                        23954-210. ANGRA DOS REIS - RJ
                                        (24) 999146464", 05.123.803/0001-57, 4377, nucleo.sorte@gmail.com,"Atividades Exercidas- APOSTAS EM LOTERIAS FEDERAIS- BENEFICIOS SOCIAIS, PAGAMENTO DE BOLSA FAMILIA, FGTS, INSS, SEGURO DESEMPREGO E ABONO  - CARTAO DE CREDITO CAIXA - CONTA CORRENTE E POUPANCA (PF E PJ)- CONTA POUPANCA CAIXA FACIL- EMPRESTIMOS (CONSIGNADO/CDC/CHEQUE ESPECIAL/GIRO CAIXA/CREDITO REAL FACIL)- PIX SAQUE/PIX TROCO- RECARGA CELULAR - RECEBIMENTO DE BOLETOS, CONTAS (AGUA, LUZ, TELEFONE E GAS), TRIBUTOS MUNICIPAIS, ESTADUAIS E FEDERAIS- SAQUE/DEPOSITO/TRANSFERENCIAS DE CLIENTES CAIXA, SAQUE DE CONTAS BNB"
5,ROTA DA SORTE, ROTA DA SORTE ANGRA LOTERIA LTDA,"AVENIDA RAUL POMPEIA, 126 - CENTRO
                                        23900-425. ANGRA DOS REIS - RJ
                                        (24) 33672133", 05.107.926/0001-02, 887, rotadasorteangra@gmail.com,"Atividades Exercidas- APOSTAS EM LOTERIAS FEDERAIS- BENEFICIOS SOCIAIS, PAGAMENTO DE BOLSA FAMILIA, FGTS, INSS, SEGURO DESEMPREGO E ABONO  - CARTAO DE CREDITO CAIXA - CONTA CORRENTE E POUPANCA (PF E PJ)- CONTA POUPANCA CAIXA FACIL- EMPRESTIMOS (CONSIGNADO/CDC/CHEQUE ESPECIAL/GIRO CAIXA/CREDITO REAL FACIL)- PIX SAQUE/PIX TROCO- RECARGA CELULAR - RECEBIMENTO DE BOLETOS, CONTAS (AGUA, LUZ, TELEFONE E GAS), TRIBUTOS MUNICIPAIS, ESTADUAIS E FEDERAIS- SAQUE/DEPOSITO/TRANSFERENCIAS DE CLIENTES CAIXA, SAQUE DE CONTAS BNB"
6,LOTERIA DE APERIBE, LOTERIA DE APERIBE LTDA,"R.SERAFIM BAIRRAL, 969 - CENTRO
                                        28495-000. APERIBE - RJ
                                        (22) 38641582", 05.326.189/0001-20, 1245, lotericaspa@gmail.com,"Atividades Exercidas- APOSTAS EM LOTERIAS FEDERAIS- BENEFICIOS SOCIAIS, PAGAMENTO DE BOLSA FAMILIA, FGTS, INSS, SEGURO DESEMPREGO E ABONO  - CARTAO DE CREDITO CAIXA - CONTA CORRENTE E POUPANCA (PF E PJ)- CONTA POUPANCA CAIXA FACIL- EMPRESTIMOS (CONSIGNADO/CDC/CHEQUE ESPECIAL/GIRO CAIXA/CREDITO REAL FACIL)- FINANCIAMENTO HABITACIONAL (SBPE/FGTS)- PIX SAQUE/PIX TROCO- RECARGA CELULAR - RECEBIMENTO DE BOLETOS, CONTAS (AGUA, LUZ, TELEFONE E GAS), TRIBUTOS MUNICIPAIS, ESTADUAIS E FEDERAIS"
7,KES SORTE LOTERIAS, KES SORTE PRAIA SECA LTDA,"ESTRADA DE PRAIA SECA, 984 - PRAIA SECA
                                        28970-000. ARARUAMA - RJ
                                        (22) 266500000", 18.867.075/0001-30, 888, kesfranco@gmail.com,"Atividades Exercidas- APOSTAS EM LOTERIAS FEDERAIS- BENEFICIOS SOCIAIS, PAGAMENTO DE BOLSA FAMILIA, FGTS, INSS, SEGURO DESEMPREGO E ABONO  - CARTAO DE CREDITO CAIXA - CONTA CORRENTE E POUPANCA (PF E PJ)- CONTA POUPANCA CAIXA FACIL- EMPRESTIMOS (CONSIGNADO/CDC/CHEQUE ESPECIAL/GIRO CAIXA/CREDITO REAL FACIL)- PIX SAQUE/PIX TROCO- RECARGA CELULAR - RECEBIMENTO DE BOLETOS, CONTAS (AGUA, LUZ, TELEFONE E GAS), TRIBUTOS MUNICIPAIS, ESTADUAIS E FEDERAIS- SAQUE/DEPOSITO/TRANSFERENCIAS DE CLIENTES CAIXA, SAQUE DE CONTAS BNB"
8,LOTERIA DA PRACA, IANNI LOTERIAS LTDA,"AV GETULIO VARGAS, 333 - CENTRO
                                        28970-000. ARARUAMA - RJ
                                        (22) 26655817", 01.566.990/0001-92, 888, denisemi44@yahoo.com.br,"Atividades Exercidas- APOSTAS EM LOTERIAS FEDERAIS- BENEFICIOS SOCIAIS, PAGAMENTO DE BOLSA FAMILIA, FGTS, INSS, SEGURO DESEMPREGO E ABONO  - CARTAO DE CREDITO CAIXA - CONTA CORRENTE E POUPANCA (PF E PJ)- CONTA POUPANCA CAIXA FACIL- EMPRESTIMOS (CONSIGNADO/CDC/CHEQUE ESPECIAL/GIRO CAIXA/CREDITO REAL FACIL)- PIX SAQUE/PIX TROCO- RECARGA CELULAR - RECEBIMENTO DE BOLETOS, CONTAS (AGUA, LUZ, TELEFONE E GAS), TRIBUTOS MUNICIPAIS, ESTADUAIS E FEDERAIS- SAQUE/DEPOSITO/TRANSFERENCIAS DE CLIENTES CAIXA, SAQUE DE CONTAS BNB"
9,LOTERIA POSITIVA LTDA, LOTERIA POSITIVA,"AV JOHN KENNEDY, 82 - CENTRO
                                        28970-000. ARARUAMA - RJ
                                        (22) 26661146", 19.659.177/0001-22, 888, denisemi44@yahoo.com.br,"Atividades Exercidas- APOSTAS EM LOTERIAS FEDERAIS- BENEFICIOS SOCIAIS, PAGAMENTO DE BOLSA FAMILIA, FGTS, INSS, SEGURO DESEMPREGO E ABONO  - CARTAO DE CREDITO CAIXA - CONTA CORRENTE E POUPANCA (PF E PJ)- CONTA POUPANCA CAIXA FACIL- EMPRESTIMOS (CONSIGNADO/CDC/CHEQUE ESPECIAL/GIRO CAIXA/CREDITO REAL FACIL)- PIX SAQUE/PIX TROCO- RECARGA CELULAR - RECEBIMENTO DE BOLETOS, CONTAS (AGUA, LUZ, TELEFONE E GAS), TRIBUTOS MUNICIPAIS, ESTADUAIS E FEDERAIS- SAQUE/DEPOSITO/TRANSFERENCIAS DE CLIENTES CAIXA, SAQUE DE CONTAS BNB"
10,LOTERIA RODOVIARIA, LOTERIA RODOVIARIA LTDA,"R FRANCISCO ANDRADE, 130 - CENTRO
                                        28970-000. ARARUAMA - RJ
                                        (22) 26651814", 05.264.611/0001-60, 888, denisemi44@yahoo.com.br,"Atividades Exercidas- APOSTAS EM LOTERIAS FEDERAIS- BENEFICIOS SOCIAIS, PAGAMENTO DE BOLSA FAMILIA, FGTS, INSS, SEGURO DESEMPREGO E ABONO  - CARTAO DE CREDITO CAIXA - CONTA CORRENTE E POUPANCA (PF E PJ)- CONTA POUPANCA CAIXA FACIL- EMPRESTIMOS (CONSIGNADO/CDC/CHEQUE ESPECIAL/GIRO CAIXA/CREDITO REAL FACIL)- PIX SAQUE/PIX TROCO- RECARGA CELULAR - RECEBIMENTO DE BOLETOS, CONTAS (AGUA, LUZ, TELEFONE E GAS), TRIBUTOS MUNICIPAIS, ESTADUAIS E FEDERAIS- SAQUE/DEPOSITO/TRANSFERENCIAS DE CLIENTES CAIXA, SAQUE DE CONTAS BNB"
11,LOTERICA SAO VICENTE, SAO VICENTE LOTERIA LTDA,"PC GENERAL CRISTOVAO BARCELOS, 24 - SAO VICENTE
                                        28970-000. ARARUAMA - RJ
                                        (22) 26661146", 17.105.810/0001-05, 888, denisemi44@yahoo.com.br,"Atividades Exercidas- APOSTAS EM LOTERIAS FEDERAIS- BENEFICIOS SOCIAIS, PAGAMENTO DE BOLSA FAMILIA, FGTS, INSS, SEGURO DESEMPREGO E ABONO  - CARTAO DE CREDITO CAIXA - CONTA CORRENTE E POUPANCA (PF E PJ)- CONTA POUPANCA CAIXA FACIL- EMPRESTIMOS (CONSIGNADO/CDC/CHEQUE ESPECIAL/GIRO CAIXA/CREDITO REAL FACIL)- PIX SAQUE/PIX TROCO- RECARGA CELULAR - RECEBIMENTO DE BOLETOS, CONTAS (AGUA, LUZ, TELEFONE E GAS), TRIBUTOS MUNICIPAIS, ESTADUAIS E FEDERAIS- SAQUE/DEPOSITO/TRANSFERENCIAS DE CLIENTES CAIXA, SAQUE DE CONTAS BNB"
12,PEDRA BRUTA LOTERIA, PEDRA BRUTA LOTERIA LTDA,"R CONSELHEIRO MACEDO SOARES, 39 - CENTRO
                                        28970-000. ARARUAMA - RJ
                                        (22) 26656683", 04.882.990/0001-90, 888, denisemi44@yahoo.com.br,"Atividades Exercidas- APOSTAS EM LOTERIAS FEDERAIS- BENEFICIOS SOCIAIS, PAGAMENTO DE BOLSA FAMILIA, FGTS, INSS, SEGURO DESEMPREGO E ABONO  - CARTAO DE CREDITO CAIXA - CONTA CORRENTE E POUPANCA (PF E PJ)- CONTA POUPANCA CAIXA FACIL- EMPRESTIMOS (CONSIGNADO/CDC/CHEQUE ESPECIAL/GIRO CAIXA/CREDITO REAL FACIL)- PIX SAQUE/PIX TROCO- RECARGA CELULAR - RECEBIMENTO DE BOLETOS, CONTAS (AGUA, LUZ, TELEFONE E GAS), TRIBUTOS MUNICIPAIS, ESTADUAIS E FEDERAIS- SAQUE/DEPOSITO/TRANSFERENCIAS DE CLIENTES CAIXA, SAQUE DE CONTAS BNB"
